Question Number,model-question,Question Text,model-answer,Answer Text,Relevance (0-10),Picture URL,Associated Note #1,Associated Note #2,Associated Note #3,Associated Note #4,Associated Note #5,Dissociated Note #1,Dissociated Note #2,Dissociated Note #3,Dissociated Note #4,Dissociated Note #5,"Recommendation of notes types (eg. citric)
( by Fragrantica classifcation)","Recommendation of notes (eg. lemongrass)
(by Fragrantica classification)",Recommendation of Perfumes
1,intention,What is your relationship with the person who will wear the perfume?,Professional,Professional,,http://ftp.inkermanscreening.com/wp-content/uploads/2014/04/bigstock-Group-of-happy-young-business-38908093.jpg,ORIENTAL,CITRIC,HERBACIOUS,AQUATIC,LEATHER,ORIENTAL,SPICY,AMBER,RESINOUS,,,,
,,,Family,Family,,http://www.lgrc.us/wp-content/uploads/2014/04/family-silhouette1.png,CITRIC,GREEN,WOODY,ALDEHYDE,FLORAL,AMBER,BALSAMIC,MINERAL,ORIENTAL,SPICY,,,
,,,Romantic,Romantic,,http://www.vamshare.com/wp-content/uploads/2014/06/holding-hands.jpg,SPICY,MUSK,BALSAMIC,GOURMANDY,WOODY,CITRIC,HERBACIOUS,GREEN,AQUATIC,LEATHER,,,
,,,Friends,Friends,,http://sev.h-cdn.co/assets/cm/15/09/54ed4594b428e_-_sev-cute-guys-friends-061610-lgn.jpg,,,,,,,,,,,,,
,,,Self-male,It's for me,,http://images.inc.com/uploaded_files/image/1940x900/businessman-looking-in-mirror-pan_12170.jpg,,,,,,,,,,,,,
2,price,What is the aproximate budget of the perfume you are looking for?,100,100 RON,11,,,,,,,,,,,,,,
,,,200,200 RON,11,,,,,,,,,,,,,,
,,,400,400 RON,11,,,,,,,,,,,,,,
,,,800,800 RON,11,,,,,,,,,,,,,,
,,,1000,1000 RON or higher,11,,,,,,,,,,,,,,
,,,,,,,,,,,,,,,,,,,
3,age-group,Age?,,15-20,10,,CITRIC,FRUITY,WOODY,GREEN,AQUATIC,SPICY,ORIENTAL,ANIMALIC,MUSK,RESINOUS,,,
,,,,20-25,,,CITRIC,AQUATIC,RESINOUS,HERBACIOUS,EARTHY,ORIENTAL,SPICY,WOODY,FLORAL,SMOKY,,,
,,,,25-35,,,WOODY,EARTHY,CITRIC,MUSK,GREEN,FLORAL,POWDERY,ALDEHYDE,TEA,HERBACIOUS,,,
,,,,35-45,,,WOODY,MUSK,LEATHER,GOURMANDY,HERBACIOUS,POWDERY,FRUITY,ALDEHYDE,FLORAL,AMBER,,,
,,,,45-50,,,SPICY,WOODY,ORIENTAL,AMBER,BALSAMIC,FLORAL,FRUITY,CITRIC,GRAIN,TEXTILE,,,
,,,,over 50,,,WOODY,ANIMALIC,SPICY,SMOKY,LEATHER,FLORAL,FRUITY,AQUATIC,POWDERY,ALDEHYDE,,,
,,,,,,,,,,,,,,,,,,,
4,skin-complexion,Skin complexion?,Dark,Dark,10,?,WOODY,ORIENTAL,AMBER,HERBACIOUS,LEATHER,FLORAL,ALDEHYDE,POWDERY,AQUATIC,MOSSY,,,
,,,Average,Average,,?,CITRIC,EARTHY,WOODY,MUSK,ANIMALIC,POWDERY,FRUITY,TEXTILE,FLORAL,,,,
,,,Light,Light,,?,GREEN,FLORAL,AQUATIC,MUSK,BALSAMIC,SPICY,ORIENTAL,AMBER,ANIMALIC,WOODY,,,
,,,,,,,,,,,,,,,,,,,
5,skin-type-male,Type of skin?,Oily,Oily,10,?,GREEN,HERBACIOUS,CITRIC,AQUATIC,FLORAL,SPICY,ORIENTAL,WOODY,AMBER,ANIMALIC,,,
,,,Dry,Dry,,?,ORIENTAL,SPICY,AMBER,SMOKY,LEATHER,FRUITY,FLORAL,POWDERY,ALDEHYDE,MOSSY,,,
,,,Mixed,Mixed,,?,ALDEHYDE,FRUITY,HERBACIOUS,BALSAMIC,MUSK,ANIMALIC,SPICY,SYNTHETIC,ORIENTAL,WOODY,,,
,,,,,,,,,,,,,,,,,,,
,,,,,,,,,,,,,,,,,,,
6,spicy,Spicy food?,Yes,Yes,10,http://www.popsci.com/sites/popsci.com/files/styles/medium_1x_/public/import/2013/images/2012/12/chilis.jpg?itok=x2wjzsTE,SPICY,AMBER,WOODY,LEATHER,ORIENTAL,POWDERY,FLORAL,ALDEHYDE,FRUITY,GREEN,,,
,,,No,No,,http://rxvisual.com/wp-content/uploads/2015/06/No-chili-spicy-food-allowed-hemorrhoids-remedy-treatment-cure-medicine-rxvisual.jpg,CITRIC,GREEN,HERBACIOUS,ALDEHYDE,FLORAL,ORIENTAL,SPICY,ANIMALIC,AMBER,WOODY,,,
,,,,,,,,,,,,,,,,,,,
7,diet,Diet?,Vegan ,Vegan,8,http://tinygreenmom.com/wp-content/uploads/2012/04/Grilled-Vegetable-and-Beef-Skewers.jpg,AQUATIC,FRUITY,AMBER,CITRIC,EARTHY,ANIMALIC,MUSK,ORIENTAL,LEATHER,WOODY,,,
,,,omnivore,Omnivore,,https://s3.amazonaws.com/cdn.atlaswearables.com/blog_banners/slide_1.jpg,WOODY,SPICY,FLORAL,ORIENTAL,GOURMANDY,CITRIC,POWDERY,ALDEHYDE,MOSSY,BALSAMIC,,,
,,,,,,,,,,,,,,,,,,,
8,smoker,Smoker?,Yes,Yes,10,http://www.designofsignage.com/application/symbol/building/image/600x600/smoking-2-circle.jpg,SPICY,ORIENTAL,MUSK,AMBER,BALSAMIC,CITRIC,GREEN,ALDEHYDE,GRAIN,,,,
,,,No,No,,http://smokendersonline.com/images/HiRes.jpg,MUSK,GREEN,CITRIC,HERBACIOUS,WOODY,ORIENTAL,SPICY,SMOKY,LEATHER,AMBER,,,
,,,,,,,,,,,,,,,,,,,
9,personality,Type of personality?,Introvert-male,Introvert,8,http://afflictor.com/wp-content/uploads/2015/03/man_reading.jpg,GREEN,HERBACIOUS,WOODY,CITRIC,BEVERAGES,ORIENTAL,MINERAL,AMBER,RESINOUS,MOSSY,,,
,,,Extrovert,Extrovert,,http://www.countrynegril.com/wp-content/uploads/2014/04/123507119.jpg,MUSK,SPICY,TOBBACO,LEATHER,AMBER,GREEN,AQUATIC,POWDERY,ALDEHYDE,,,,
,,,,,,,,,,,,,,,,,,,
10,season,What season will the perfume be worn in?,Winter,Winter,7,https://upload.wikimedia.org/wikipedia/commons/3/3f/Falk_Oberdorf_Wiehengebirge_Winter_Heidbrink.JPG,SPICY,ORIENTAL,WOODY,AMBER,RESINOUS,FLORAL,FRUITY,ALDEHYDE,GREEN,,,,
,,,Autumn,Autumn,,http://fs72.trilulilu.ro/imgs/ticandru/peisaj-de-toamna-11_29f0f50fb9b9a9.jpg?size=original,SPICY,ORIENTAL,WOODY,AMBER,RESINOUS,FLORAL,FRUITY,ALDEHYDE,GREEN,,,,
,,,Spring,Spring,,https://userscontent2.emaze.com/images/0e9eb112-2a4e-497d-a719-9165b7a93208/805e53fa-dd81-43f9-826a-d69082d37dd7.jpg,AQUATIC,CITRIC,MOSSY,HERBACIOUS,GREEN,ORIENTAL,SPICY,MINERAL,WOODY,MUSK,,,
,,,Summer,Summer,,https://imagesus-ssl.homeaway.com/mda01/5fd5d289-03c5-4125-9c84-e58b61bdba46.1.10,AQUATIC,CITRIC,MOSSY,HERBACIOUS,GREEN,ORIENTAL,SPICY,MINERAL,WOODY,MUSK,,,
,,,,,,,,,,,,,,,,,,,
11,lifestyle,Lifestyle?,Dynamic-male,Dynamic,8,http://www.thefashionisto.com/wp-content/uploads/2013/08/run001.jpg,WOODY,MUSK,ORIENTAL,BALSAMIC,RESINOUS,FLORAL,POWDERY,ALDEHYDE,TEA,AQUATIC,,,
,,,Sporty,Sporty,,https://www.lifefitness.com/assets/static-assets/image/2.10.15GymDuringColdMonths.jpg,CITRIC,AQUATIC,HERBACIOUS,WOODY,ALDEHYDE,ORIENTAL,AMBER,SPICY,MUSK,MOSSY,,,
,,,family-person,Family-person,,http://cdn.shareyouressays.com/wp-content/uploads/2015/10/family-picnic-outdoors-meals-summer.jpg,MOSSY,LEATHER,MUSK,BALSAMIC,FLORAL,GOURMANDY,ORIENTAL,WOODY,MINERAL,SPICY,,,
,,,party-animal,Party-animal,,http://theplanningcompany.net/wp-content/uploads/2015/10/Coed.jpg,ORIENTAL,AMBER,SPICY,BEVERAGES,ANIMALIC,AQUATIC,ALDEHYDE,POWDERY,FRUITY,,,,
,,,Calm-male,Calm,,http://www.mindingthebedside.com/wp-content/uploads/2011/07/man-meditating-by-ocean-back-to-camera.jpg,FRUITY,ALDEHYDE,GREEN,CITRIC,AQUATIC,WOODY,ORIENTAL,RESINOUS,LEATHER,MUSK,,,
,,,,,,,,,,,,,,,,,,,
,,,,,,,,,,,,,,,,,,,
,,,,,,,,,,,,,,,,,,,
,,,,,,,,,,,,,,,,,,,
,,,,,,,,,,,,,,,,,,,
,,,,,,,,,,,,,,,,,,,
13,occasion,For what occassion will the perfume be used most often?,Leisure,Leisure,9,http://www.fantasytravelofgreece.com/sites/default/files/blog/greece-coffee-culture/friends-coffee-talking-drinking-job-meeting-01.jpg,ALDEHYDE,MOSSY,MINERAL,MUSK,GREEN,WOODY,AQUATIC,CITRIC,HERBACIOUS,,,,
,,,night-out,Night-out,,http://everyguyed.com/wp-content/uploads/2010/12/how-to-dress-for-a-night-out.jpg,AMBER,MINERAL,HERBACIOUS,LEATHER,FLORAL,CITRIC,GREEN,POWDERY,FRUITY,,,,
,,,Evening,Evening,,http://brierdunn.com/wp-content/uploads/2014/01/Silver-Oak-outdoor-evening.jpg,ORIENTAL,SPICY,WOODY,MUSK,RESINOUS,AQUATIC,GRAIN,HERBACIOUS,CITRIC,GREEN,,,
,,,Daily-male,Daily,,https://getthegist.ca/wp-content/uploads/2015/03/People_-Man-at-airport-looking-at-phone_tourist.jpg,CITRIC,GREEN,ALDEHYDE,AQUATIC,FRUITY,WOODY,SPICY,RESINOUS,LEATHER,TOBBACO,,,
,,,Sport,Sport,,http://greatist.com/sites/default/files/styles/big_share/public/walking-vs-running-feature.jpg?itok=n9Ty0YN-,CITRIC,HERBACIOUS,AQUATIC,ALDEHYDE,FRUITY,WOODY,SPICY,AMBER,ORIENTAL,LEATHER,,,
,,,Business,Business,,http://businessetup.com/wp-content/uploads/2013/01/business-setup-in-dubai-with-difference.jpg,MUSK,LEATHER,RESINOUS,BEVERAGES,WOODY,CITRIC,HERBACIOUS,TOBBACO,BALSAMIC,SPICY,,,
,,,,,,,,,,,,,,,,,,,
14,color,Favorile color?,Red,Red,7,,ORIENTAL,SPICY,ANIMALIC,AMBER,,HERBACIOUS,CITRIC,GREEN,AQUATIC,,,,
,,,Green,Green,,,HERBACIOUS,ORIENTAL,MOSSY,EARTHY,CITRIC,AQUATIC,FLORAL,MUSK,BEVERAGES,TOBBACO,,,
,,,Blue,Blue,,,AQUATIC,BALSAMIC,FLORAL,MINERAL,,ANIMALIC,ORIENTAL,SMOKY,LEATHER,RESINOUS,,,
,,,Pink,Pink,,,FLORAL,POWDERY,ALDEHYDE,FRUITY,,BALSAMIC,SPICY,AMBER,WOODY,ORIENTAL,,,
,,,Black,Black,,,MINERAL,ORIENTAL,SPICY,TOBBACO,WOODY,POWDERY,FLORAL,ALDEHYDE,CITRIC,HERBACIOUS,,,
,,,White,White,,,TEA,FLORAL,TEXTILE,SYNTHETIC,HERBACIOUS,GREEN,BALSAMIC,SPICY,AMBER,ORIENTAL,,,
,,,Purple,Purple,,,ALDEHYDE,ORIENTAL,AMBER,BALSAMIC,MINERAL,AQUATIC,HERBACIOUS,GREEN,SYNTHETIC,CITRIC,,,
,,,Yellow,Yellow,,,GREEN,SYNTHETIC,CITRIC,FRUITY,RESINOUS,ANIMALIC,WOODY,BALSAMIC,MINERAL,LEATHER,,,
,,,Grey,Grey,,,MINERAL,SPICY,SMOKY,LEATHER,,FLORAL,GREEN,CITRIC,HERBACIOUS,WOODY,,,
,,,Orange,Orange,,,CITRIC,GREEN,AMBER,FRUITY,FLORAL,BALSAMIC,SPICY,ORIENTAL,TOBBACO,WOODY,,,
,,,,,,,,,,,,,,,,,,,
15,vacation-spot,Favorite vacantion spot?,Sea,Seaside,7,,AQUATIC,CITRIC,FRUITY,ORIENTAL,ALDEHYDE,BALSAMIC,AMBER,LEATHER,MUSK,LEATHER,,,
,,,Mountains,Outdoors hiking,,,MOSSY,ANIMALIC,ORIENTAL,SPICY,GREEN,CITRIC,HERBACIOUS,AQUATIC,FLORAL,GREEN,,,
,,,Crowded city,City-break,,,ALDEHYDE,FRUITY,EARTHY,GOURMANDY,,MUSK,WOODY,LEATHER,BALSAMIC,LEATHER,,,
,,,Quiet rural town,Rustic,,,GREEN,MINERAL,SMOKY,LEATHER,ANIMALIC,AQUATIC,CITRIC,HERBACIOUS,FLORAL,AMBER,,,
,,,,,,,,,,,,,,,,,,,
16,music,Favorite music?,Pop,Pop,6,,ALDEHYDE,AQUATIC,BEVERAGES,FRUITY,,POWDERY,CITRIC,MINERAL,LEATHER,WOODY,,,
,,,r-n-b,R&B,,,ANIMALIC,MUSK,BALSAMIC,SPICY,ORIENTAL,HERBACIOUS,EARTHY,AMBER,CITRIC,GREEN,,,
,,,Jazz-Indie,Jazz-Indie,,,ORIENTAL,AMBER,RESINOUS,TOBBACO,GOURMANDY,FRUITY,CITRIC,HERBACIOUS,EARTHY,GREEN,,,
,,,Rock-Punk,Rock-Punk,,,ORIENTAL,MUSK,SPICY,ANIMALIC,SMOKY,FLORAL,CITRIC,AQUATIC,HERBACIOUS,RESINOUS,,,
,,,Classical,Classical,,,ALDEHYDE,AQUATIC,FRUITY,MUSK,SPICY,ORIENTAL,WOODY,EARTHY,ANIMALIC,BALSAMIC,,,
,,,,,,,,,,,,,,,,,,,
17,perfume-personality,What attitude would you like the parfume to inspire?,Sexy,Sexy,7,,LEATHER,MUSK,ORIENTAL,SPICY,WOODY,POWDERY,FLORAL,ALDEHYDE,CITRIC,HERBACIOUS,,,
,,,Mysterious,Mysterious,,,ORIENTAL,SMOKY,FLORAL,AMBER,MUSK,WOODY,CITRIC,HERBACIOUS,FRUITY,RESINOUS,,,
,,,Elegant,Elegant,,,AQUATIC,LEATHER,ALDEHYDE,MUSK,TOBBACO,AMBER,ORIENTAL,SPICY,MINERAL,MOSSY,,,
,,,Flirty,Flirty,,,MUSK,ALDEHYDE,BALSAMIC,ANIMALIC,GOURMANDY,POWDERY,GREEN,HERBACIOUS,CITRIC,LEATHER,,,
,,,Clean,Clean,,,HERBACIOUS,TEA,TEXTILE,FLORAL,POWDERY,ORIENTAL,SPICY,ANIMALIC,BALSAMIC,MINERAL,,,
,,,Strong,Imposing,,,ORIENTAL,MUSK,ANIMALIC,SPICY,MINERAL,AQUATIC,FRUITY,POWDERY,ALDEHYDE,GREEN,,,